[
  {
    "value": "timetable",
    "synonyms": [
      "schedule",
      "timetable",
      "modules",
      "classes"
    ]
  },
  {
    "value": "notes",
    "synonyms": [
      "notes",
      "files",
      "note",
      "file"
    ]
  },
  {
    "value": "home",
    "synonyms": [
      "home page"
    ]
  },
  {
    "value": "reminders",
    "synonyms": [
      "reminders",
      "notifications",
      "reminder",
      "notification"
    ]
  },
  {
    "value": "subjects",
    "synonyms": [
      "subjects",
      "subject hub",
      "modules",
      "classes"
    ]
  },
  {
    "value": "journal",
    "synonyms": [
      "journal",
      "virtual journal"
    ]
  },
  {
    "value": "homework",
    "synonyms": [
      "homework"
    ]
  },
  {
    "value": "progress",
    "synonyms": [
      "progress",
      "graphs"
    ]
  },
  {
    "value": "hardback",
    "synonyms": [
      "hardback",
      "virtual hardback"
    ]
  },
  {
    "value": "test results",
    "synonyms": [
      "test results",
      "results",
      "tests"
    ]
  },
  {
    "value": "materials",
    "synonyms": [
      "materials"
    ]
  },
  {
    "value": "font",
    "synonyms": [
      "font settings",
      "fonts",
      "fonts settings",
      "font colours",
      "font colors",
      "font colour",
      "font color",
      "font size",
      "fonts size",
      "fonts color",
      "fonts colour"
    ]
  },
  {
    "value": "icon",
    "synonyms": [
      "icon",
      "icons",
      "icon colours",
      "icon settings",
      "icon size",
      "icons size",
      "icons settings",
      "icon color",
      "icon colour",
      "icon colors"
    ]
  },
  {
    "value": "background",
    "synonyms": [
      "background",
      "background colour",
      "background settings",
      "background colours",
      "background color",
      "background colour",
      "backgrounds",
      "bacgkround colors",
      "backgrounds settings"
    ]
  },
  {
    "value": "card",
    "synonyms": [
      "card",
      "cards",
      "card colour",
      "card settings",
      "card colours",
      "card color",
      "card colour",
      "cards settings"
    ]
  },
  {
    "value": "theme",
    "synonyms": [
      "theme",
      "themes",
      "theme colour",
      "theme settings",
      "theme colours",
      "theme color",
      "theme colors",
      "themes settings"
    ]
  },
  {
    "value": "dyslexia",
    "synonyms": [
      "dyslexia",
      "dyslexia friendly settings",
      "dyslexia colours",
      "dyslexia color",
      "dylsexia colour settings",
      "dyslexia color settings",
      "dyslexia colors",
      "dyslexia color",
      "dyslexia colour",
      "dyslexia settings"
    ]
  }
]