[
  {
    "value": "timetable",
    "synonyms": [
      "schedule",
      "timetable",
      "modules",
      "classes"
    ]
  },
  {
    "value": "notes",
    "synonyms": [
      "notes",
      "files",
      "note",
      "file"
    ]
  },
  {
    "value": "home",
    "synonyms": [
      "home page"
    ]
  },
  {
    "value": "reminders",
    "synonyms": [
      "reminders",
      "notifications",
      "reminder",
      "notification"
    ]
  },
  {
    "value": "subjects",
    "synonyms": [
      "subjects",
      "subject hub",
      "modules",
      "classes"
    ]
  },
  {
    "value": "journal",
    "synonyms": [
      "journal",
      "virtual journal"
    ]
  },
  {
    "value": "homework",
    "synonyms": [
      "homework"
    ]
  },
  {
    "value": "progress",
    "synonyms": [
      "progress",
      "graphs"
    ]
  },
  {
    "value": "hardback",
    "synonyms": [
      "hardback",
      "virtual hardback"
    ]
  },
  {
    "value": "test results",
    "synonyms": [
      "test results",
      "results",
      "tests"
    ]
  },
  {
    "value": "materials",
    "synonyms": [
      "materials"
    ]
  }
]